title,price,rating,reviews,availability
"xixaomiro i14Pro Max Unlocked 5G Cellphone Android Smartphone Mobile Phone, 8GB RAM, 512GB ROM 1TB Expandable, 6.8'' FHD Screen, 6000mAh Battery, Dual Sim Card, 48+13MP Camera (Blue)",,3.7 out of 5 stars,21 ratings,Not Available
"SANSHREUNI A14 Pro Max Unlocked Smartphone, 6GB+256GB Android 13 Unlocked Phones, 6.82"" FHD+ Display 120HzD, 64MP Camera, 6800mAh Battery, Octa-Core, Dual SIM, Face ID/GPS/OTG 5G Phone (Purple)",,2.8 out of 5 stars,8 ratings,Not Available
"SAMSUNG Galaxy Z Flip 5 Cell Phone, Factory Unlocked Android Smartphone, 256GB, Compact, Foldable Design, One-Hand Control, Best Selfies, Full Cover Screen, Hands-Free Use, US Version, 2023, Lavender",,3.7 out of 5 stars,7 ratings,In Stock
Nokia 6300 4G | Unlocked | Dual SIM | WiFi Hotspot | Social Apps | Google Maps and Assistant | Cyan Green,,3.6 out of 5 stars,425 ratings,In Stock
Motorola Moto G Stylus | 2022 | 2-Day Battery | Unlocked | Made for US 4/128GB | 50MP Camera | Twilight Blue,,4.4 out of 5 stars,38 ratings,In Stock
"Apple iPhone 12 Mini, 64GB, Blue - Unlocked (Renewed)",,4.2 out of 5 stars,"7,678 ratings",Not Available
"GOWENIC I14pro Plus Unlocked Phone, 6.1inch HD Screen Face Unlock Smartphone for Android 11, Dual SIM, 4G/64GB, GPS, Dual Camera 4G GSM Net Phone, Support 128G Memory Card, 4004mAh Battery(Dark Green)",,2.7 out of 5 stars,7 ratings,Not Available
"SAMSUNG Galaxy S23 Ultra Cell Phone, Factory Unlocked Android Smartphone, 256GB, 200MP Camera, Night Mode, Long Battery Life, S Pen, US Version, 2023, Phantom Black",,4.6 out of 5 stars,624 ratings,In Stock
"Mini Smartphone iLight 11 Pro The World's Smallest Android Mobile Phone, Super Small Micro 2.5in Touch Screen Global Unlocked Great for Kids 1GB RAM / 8GB ROM Tiny iPhone XI Pro Look Alike",,3.2 out of 5 stars,289 ratings,Not Available
QIMHAI 6.7Inch ip14pro Unlocked Cell Phone Android Phones 2GB RAM+16GB ROM Full Screen Straight Talk Phone Dual Sim Boost Mobile Phones Smart Phones Unlocked New for Android10.0 (Blue),,2.7 out of 5 stars,17 ratings,Not Available
"SAMSUNG Galaxy Z Fold 4 Cell Phone, Factory Unlocked Android Smartphone, 512GB, Flex Mode, Hands Free Video, Multi Window View, Foldable Display, S Pen Compatible, US Version, 2022, Gray Green",,4.3 out of 5 stars,101 ratings,Not Available
"Huness I14 Pro MAX Smartphone Unlocked Cell Phone, Battery 6800mAh 6.82"" HD Screen Unlocked Phones, 6+256GB Android 13 with 128GB Memory Card, Dual SIM/Fingerprint Lock/Face ID/GPS (Blue)",,5.0 out of 5 stars,3 ratings,Not Available
"I14pro max Unlocked Smartphone 4G, Unlocked Cell Phone with 6.1 Inch LCD 720P IPS HD Screen, Support Dual Camera, Face Unlock, Dual SIM 3G Mobile Phone, MTK6737, 4G 48G, Dual Band 5G WiFi(Dark Green)",,3.0 out of 5 stars,2 ratings,Not Available
"4G Unlocked Cell Phones,6G+256GB Dual Sim Smartphone, C23 Unlocked Mobile Phone with 7.3inch Waterdrop Screen, Android Phone 48+108 MP | 8000mAh | Fingerprint Lock & Face ID | US Version (Black)",,2.0 out of 5 stars,3 ratings,Not Available
Unlocked Smartphone 6.7inch Cell Phone IP14pro 2+16GB HD Full Screen Straight Talk Dual Sim Android Phones Boost Mobile (Gold),,2.3 out of 5 stars,48 ratings,Not Available
"SAMSUNG Galaxy A54 5G A Series Cell Phone, Factory Unlocked Android Smartphone, 128GB w/ 6.4‚Äù Fluid Display Screen, Hi Res Camera, Long Battery Life, Refined Design, US Version, 2023, Awesome Black",,4.3 out of 5 stars,455 ratings,In Stock
"SPORTLINK for iPhone 15 Case Waterproof - Built in Screen Protector [IP68 Underwater][6.6FT Military Dropproof][Dustproof][Shockproof] Full Body Protective Phone Case 6.1"" Black",,4.3 out of 5 stars,11 ratings,Not Available
"ANTSHARE for iPhone 15 Pro Case, Waterproof Built-in Screen & Lens Protector [14 FT Military Drop Proof] [Full Body Shockproof] [Dustproof] [IP68 Underwater] Phone Case for iPhone 15 Pro - Black",,5.0 out of 5 stars,14 ratings,Not Available
Nvollnoe Compatible with iPhone 15 Pro Max Case with Card Holder Heavy Duty Protective Dual Layer Shockproof Hidden Card Slot Slim Wallet Phone Cover for Women&Men 6.7 inch(Rose Gold),,5.0 out of 5 stars,1 rating,Not Available
